theme,expert_weight,pca_weight,final_weight
theme_respect,0.28,0.228256743670299,0.2287011582961878
theme_management,0.24,0.25754414039860846,0.2573770044800102
theme_compensation,0.2,0.15933587993118004,0.15964665968941974
theme_growth,0.16,0.24347140309061016,0.24283184912219039
theme_wlb,0.12,0.1113918329093023,0.11144332841219184
